# system info DE1_SoC_QSYS on 2015.12.08.08:29:02
system_info:
name,value
DEVICE,5CSEMA5F31C6
DEVICE_FAMILY,Cyclone V
GENERATION_ID,1449533495
#
#
# Files generated for DE1_SoC_QSYS on 2015.12.08.08:29:02
files:
filepath,kind,attributes,module,is_top
simulation/DE1_SoC_QSYS.v,VERILOG,,DE1_SoC_QSYS,true
simulation/submodules/DE1_SoC_QSYS_alt_vip_cl_scl_0.v,VERILOG,,DE1_SoC_QSYS_alt_vip_cl_scl_0,false
simulation/submodules/DE1_SoC_QSYS_alt_vip_clip_0.vo,VERILOG,,DE1_SoC_QSYS_alt_vip_clip_0,false
simulation/submodules/DE1_SoC_QSYS_alt_vip_cpr_0.vo,VERILOG,,DE1_SoC_QSYS_alt_vip_cpr_0,false
simulation/submodules/DE1_SoC_QSYS_alt_vip_cpr_1.vo,VERILOG,,DE1_SoC_QSYS_alt_vip_cpr_1,false
simulation/submodules/DE1_SoC_QSYS_alt_vip_cpr_2.vo,VERILOG,,DE1_SoC_QSYS_alt_vip_cpr_2,false
simulation/submodules/DE1_SoC_QSYS_alt_vip_crs_0.vo,VERILOG,,DE1_SoC_QSYS_alt_vip_crs_0,false
simulation/submodules/de1_soc_qsys_alt_vip_csc_0_coeff_data_init_id_1061_line160_contents.hex,HEX,,DE1_SoC_QSYS_alt_vip_csc_0,false
simulation/submodules/de1_soc_qsys_alt_vip_csc_0_const_data_init_id_1071_line161_contents.hex,HEX,,DE1_SoC_QSYS_alt_vip_csc_0,false
simulation/submodules/DE1_SoC_QSYS_alt_vip_csc_0.vo,VERILOG,,DE1_SoC_QSYS_alt_vip_csc_0,false
simulation/submodules/alt_vipcti131_Vid2IS.v,VERILOG,,alt_vipcti131_Vid2IS,false
simulation/submodules/alt_vipcti131_Vid2IS_control.v,VERILOG,,alt_vipcti131_Vid2IS,false
simulation/submodules/alt_vipcti131_Vid2IS_av_st_output.v,VERILOG,,alt_vipcti131_Vid2IS,false
simulation/submodules/alt_vipcti131_Vid2IS_resolution_detection.v,VERILOG,,alt_vipcti131_Vid2IS,false
simulation/submodules/alt_vipcti131_Vid2IS_write_buffer.v,VERILOG,,alt_vipcti131_Vid2IS,false
simulation/submodules/alt_vipcti131_Vid2IS_embedded_sync_extractor.v,VERILOG,,alt_vipcti131_Vid2IS,false
simulation/submodules/alt_vipcti131_Vid2IS_sync_polarity_convertor.v,VERILOG,,alt_vipcti131_Vid2IS,false
simulation/submodules/alt_vipcti131_common_fifo.v,VERILOG,,alt_vipcti131_Vid2IS,false
simulation/submodules/alt_vipcti131_common_sync.v,VERILOG,,alt_vipcti131_Vid2IS,false
simulation/submodules/alt_vipcti131_common_sync_generation.v,VERILOG,,alt_vipcti131_Vid2IS,false
simulation/submodules/alt_vipcti131_common_frame_counter.v,VERILOG,,alt_vipcti131_Vid2IS,false
simulation/submodules/alt_vipcti131_common_sample_counter.v,VERILOG,,alt_vipcti131_Vid2IS,false
simulation/submodules/tta_x_blank_mem.hex,HEX,,DE1_SoC_QSYS_alt_vip_dil_0,false
simulation/submodules/DE1_SoC_QSYS_alt_vip_dil_0.vo,VERILOG,,DE1_SoC_QSYS_alt_vip_dil_0,false
simulation/submodules/alt_vipitc131_IS2Vid.sv,SYSTEM_VERILOG,,alt_vipitc131_IS2Vid,false
simulation/submodules/alt_vipitc131_IS2Vid_sync_compare.v,VERILOG,,alt_vipitc131_IS2Vid,false
simulation/submodules/alt_vipitc131_IS2Vid_calculate_mode.v,VERILOG,,alt_vipitc131_IS2Vid,false
simulation/submodules/alt_vipitc131_IS2Vid_control.v,VERILOG,,alt_vipitc131_IS2Vid,false
simulation/submodules/alt_vipitc131_IS2Vid_mode_banks.sv,SYSTEM_VERILOG,,alt_vipitc131_IS2Vid,false
simulation/submodules/alt_vipitc131_IS2Vid_statemachine.v,VERILOG,,alt_vipitc131_IS2Vid,false
simulation/submodules/alt_vipitc131_common_fifo.v,VERILOG,,alt_vipitc131_IS2Vid,false
simulation/submodules/alt_vipitc131_common_generic_count.v,VERILOG,,alt_vipitc131_IS2Vid,false
simulation/submodules/alt_vipitc131_common_to_binary.v,VERILOG,,alt_vipitc131_IS2Vid,false
simulation/submodules/alt_vipitc131_common_sync.v,VERILOG,,alt_vipitc131_IS2Vid,false
simulation/submodules/alt_vipitc131_common_trigger_sync.v,VERILOG,,alt_vipitc131_IS2Vid,false
simulation/submodules/alt_vipitc131_common_sync_generation.v,VERILOG,,alt_vipitc131_IS2Vid,false
simulation/submodules/alt_vipitc131_common_frame_counter.v,VERILOG,,alt_vipitc131_IS2Vid,false
simulation/submodules/alt_vipitc131_common_sample_counter.v,VERILOG,,alt_vipitc131_IS2Vid,false
simulation/submodules/DE1_SoC_QSYS_alt_vip_mix_0.vo,VERILOG,,DE1_SoC_QSYS_alt_vip_mix_0,false
simulation/submodules/DE1_SoC_QSYS_alt_vip_vfb_0.vo,VERILOG,,DE1_SoC_QSYS_alt_vip_vfb_0,false
simulation/submodules/DE1_SoC_QSYS_alt_vip_vfr_0.vo,VERILOG,,DE1_SoC_QSYS_alt_vip_vfr_0,false
simulation/submodules/AUDIO_IF.v,VERILOG,,AUDIO_IF,false
simulation/submodules/AUDIO_ADC.v,VERILOG,,AUDIO_IF,false
simulation/submodules/AUDIO_DAC.v,VERILOG,,AUDIO_IF,false
simulation/submodules/audio_fifo.v,VERILOG,,AUDIO_IF,false
simulation/submodules/altera_avalon_mm_clock_crossing_bridge.v,VERILOG,,altera_avalon_mm_clock_crossing_bridge,false
simulation/submodules/altera_avalon_dc_fifo.v,VERILOG,,altera_avalon_mm_clock_crossing_bridge,false
simulation/submodules/altera_dcfifo_synchronizer_bundle.v,VERILOG,,altera_avalon_mm_clock_crossing_bridge,false
simulation/submodules/altera_std_synchronizer_nocut.v,VERILOG,,altera_avalon_mm_clock_crossing_bridge,false
simulation/submodules/DE1_SoC_QSYS_cpu.v,VERILOG,,DE1_SoC_QSYS_cpu,false
simulation/submodules/DE1_SoC_QSYS_hps_0.v,VERILOG,,DE1_SoC_QSYS_hps_0,false
simulation/submodules/DE1_SoC_QSYS_i2c_scl.v,VERILOG,,DE1_SoC_QSYS_i2c_scl,false
simulation/submodules/DE1_SoC_QSYS_i2c_sda.v,VERILOG,,DE1_SoC_QSYS_i2c_sda,false
simulation/submodules/TERASIC_IR_RX_FIFO.v,VERILOG,,TERASIC_IR_RX_FIFO,false
simulation/submodules/irda_receive_terasic.v,VERILOG,,TERASIC_IR_RX_FIFO,false
simulation/submodules/ir_fifo.v,VERILOG,,TERASIC_IR_RX_FIFO,false
simulation/submodules/DE1_SoC_QSYS_jtag_uart.v,VERILOG,,DE1_SoC_QSYS_jtag_uart,false
simulation/submodules/DE1_SoC_QSYS_key.v,VERILOG,,DE1_SoC_QSYS_key,false
simulation/submodules/DE1_SoC_QSYS_ledr.v,VERILOG,,DE1_SoC_QSYS_ledr,false
simulation/submodules/DE1_SoC_QSYS_onchip_memory2.hex,HEX,,DE1_SoC_QSYS_onchip_memory2,false
simulation/submodules/DE1_SoC_QSYS_onchip_memory2.v,VERILOG,,DE1_SoC_QSYS_onchip_memory2,false
simulation/submodules/DE1_SoC_QSYS_pll_audio.vo,VERILOG,,DE1_SoC_QSYS_pll_audio,false
simulation/submodules/DE1_SoC_QSYS_pll_sys.vo,VERILOG,,DE1_SoC_QSYS_pll_sys,false
simulation/submodules/DE1_SoC_QSYS_sdram.v,VERILOG,,DE1_SoC_QSYS_sdram,false
simulation/submodules/DE1_SoC_QSYS_sdram_test_component.v,VERILOG,,DE1_SoC_QSYS_sdram,false
#
# Map from instance-path to kind of module
instances:
instancePath,module
DE1_SoC_QSYS.alt_vip_cl_scl_0,DE1_SoC_QSYS_alt_vip_cl_scl_0
DE1_SoC_QSYS.alt_vip_cl_scl_0.video_in,DE1_SoC_QSYS_alt_vip_cl_scl_0_video_in
DE1_SoC_QSYS.alt_vip_cl_scl_0.user_packet_demux,DE1_SoC_QSYS_alt_vip_cl_scl_0_user_packet_demux
DE1_SoC_QSYS.alt_vip_cl_scl_0.line_buffer,DE1_SoC_QSYS_alt_vip_cl_scl_0_line_buffer
DE1_SoC_QSYS.alt_vip_cl_scl_0.scaler_core,DE1_SoC_QSYS_alt_vip_cl_scl_0_scaler_core
DE1_SoC_QSYS.alt_vip_cl_scl_0.user_packet_mux,DE1_SoC_QSYS_alt_vip_cl_scl_0_user_packet_mux
DE1_SoC_QSYS.alt_vip_cl_scl_0.video_out,DE1_SoC_QSYS_alt_vip_cl_scl_0_video_out
DE1_SoC_QSYS.alt_vip_cl_scl_0.scheduler,DE1_SoC_QSYS_alt_vip_cl_scl_0_scheduler
DE1_SoC_QSYS.alt_vip_cl_scl_0.kernel_creator,DE1_SoC_QSYS_alt_vip_cl_scl_0_kernel_creator
DE1_SoC_QSYS.alt_vip_clip_0,DE1_SoC_QSYS_alt_vip_clip_0
DE1_SoC_QSYS.alt_vip_cpr_0,DE1_SoC_QSYS_alt_vip_cpr_0
DE1_SoC_QSYS.alt_vip_cpr_1,DE1_SoC_QSYS_alt_vip_cpr_1
DE1_SoC_QSYS.alt_vip_cpr_2,DE1_SoC_QSYS_alt_vip_cpr_2
DE1_SoC_QSYS.alt_vip_crs_0,DE1_SoC_QSYS_alt_vip_crs_0
DE1_SoC_QSYS.alt_vip_csc_0,DE1_SoC_QSYS_alt_vip_csc_0
DE1_SoC_QSYS.alt_vip_cti_0,alt_vipcti131_Vid2IS
DE1_SoC_QSYS.alt_vip_dil_0,DE1_SoC_QSYS_alt_vip_dil_0
DE1_SoC_QSYS.alt_vip_itc_0,alt_vipitc131_IS2Vid
DE1_SoC_QSYS.alt_vip_mix_0,DE1_SoC_QSYS_alt_vip_mix_0
DE1_SoC_QSYS.alt_vip_vfb_0,DE1_SoC_QSYS_alt_vip_vfb_0
DE1_SoC_QSYS.alt_vip_vfr_0,DE1_SoC_QSYS_alt_vip_vfr_0
DE1_SoC_QSYS.audio,AUDIO_IF
DE1_SoC_QSYS.clock_crossing_io_slow,altera_avalon_mm_clock_crossing_bridge
DE1_SoC_QSYS.mm_clock_crossing_bridge_1,altera_avalon_mm_clock_crossing_bridge
DE1_SoC_QSYS.cpu,DE1_SoC_QSYS_cpu
DE1_SoC_QSYS.cpu.cpu,DE1_SoC_QSYS_cpu_cpu
DE1_SoC_QSYS.hps_0,DE1_SoC_QSYS_hps_0
DE1_SoC_QSYS.hps_0.fpga_interfaces,DE1_SoC_QSYS_hps_0_fpga_interfaces
DE1_SoC_QSYS.hps_0.hps_io,DE1_SoC_QSYS_hps_0_hps_io
DE1_SoC_QSYS.i2c_scl,DE1_SoC_QSYS_i2c_scl
DE1_SoC_QSYS.td_reset_n,DE1_SoC_QSYS_i2c_scl
DE1_SoC_QSYS.i2c_sda,DE1_SoC_QSYS_i2c_sda
DE1_SoC_QSYS.ir_rx,TERASIC_IR_RX_FIFO
DE1_SoC_QSYS.jtag_uart,DE1_SoC_QSYS_jtag_uart
DE1_SoC_QSYS.key,DE1_SoC_QSYS_key
DE1_SoC_QSYS.ledr,DE1_SoC_QSYS_ledr
DE1_SoC_QSYS.onchip_memory2,DE1_SoC_QSYS_onchip_memory2
DE1_SoC_QSYS.pll_audio,DE1_SoC_QSYS_pll_audio
DE1_SoC_QSYS.pll_sys,DE1_SoC_QSYS_pll_sys
DE1_SoC_QSYS.sdram,DE1_SoC_QSYS_sdram
DE1_SoC_QSYS.seg7,DE1_SoC_QSYS_seg7
DE1_SoC_QSYS.spi_0,DE1_SoC_QSYS_spi_0
DE1_SoC_QSYS.sw,DE1_SoC_QSYS_sw
DE1_SoC_QSYS.sysid,DE1_SoC_QSYS_sysid
DE1_SoC_QSYS.td_status,DE1_SoC_QSYS_td_status
DE1_SoC_QSYS.timer,DE1_SoC_QSYS_timer
DE1_SoC_QSYS.timer_stamp,DE1_SoC_QSYS_timer_stamp
DE1_SoC_QSYS.uart,DE1_SoC_QSYS_uart
DE1_SoC_QSYS.mm_interconnect_0,DE1_SoC_QSYS_mm_interconnect_0
DE1_SoC_QSYS.mm_interconnect_1,DE1_SoC_QSYS_mm_interconnect_1
DE1_SoC_QSYS.mm_interconnect_2,DE1_SoC_QSYS_mm_interconnect_2
DE1_SoC_QSYS.mm_interconnect_3,DE1_SoC_QSYS_mm_interconnect_3
DE1_SoC_QSYS.mm_interconnect_4,DE1_SoC_QSYS_mm_interconnect_4
DE1_SoC_QSYS.irq_mapper,DE1_SoC_QSYS_irq_mapper
DE1_SoC_QSYS.irq_mapper_001,DE1_SoC_QSYS_irq_mapper_001
DE1_SoC_QSYS.irq_mapper_002,DE1_SoC_QSYS_irq_mapper_001
DE1_SoC_QSYS.irq_synchronizer,altera_irq_clock_crosser
DE1_SoC_QSYS.irq_synchronizer_001,altera_irq_clock_crosser
DE1_SoC_QSYS.rst_controller,altera_reset_controller
DE1_SoC_QSYS.rst_controller_001,altera_reset_controller
DE1_SoC_QSYS.rst_controller_002,altera_reset_controller
DE1_SoC_QSYS.rst_controller_003,altera_reset_controller
DE1_SoC_QSYS.rst_controller_004,altera_reset_controller
DE1_SoC_QSYS.rst_controller_005,altera_reset_controller
DE1_SoC_QSYS.rst_controller_006,altera_reset_controller
